Attack Type,Precision,Recall,F1-Score,Support,Detection Difficulty
FTP-Patator,1.0,1.0,1.0,119,Easy
Heartbleed,1.0,1.0,1.0,2,Easy
Infiltration,1.0,1.0,1.0,7,Easy
SSH-Patator,1.0,1.0,1.0,64,Easy
DDoS,0.9996092223524814,0.99921875,0.9994139480367259,2560,Easy
BENIGN,0.9992102996075428,0.9968962635788469,0.9980519402913723,41885,Easy
DoS Hulk,0.9962395140295054,0.9971048060220035,0.9966719722182029,3454,Easy
PortScan,0.9922865013774105,0.9988907376594565,0.9955776672194583,1803,Easy
DoS GoldenEye,0.9902912621359223,0.9902912621359223,0.9902912621359223,206,Easy
DoS slowloris,0.9906542056074766,0.9814814814814815,0.986046511627907,108,Easy
DoS Slowhttptest,0.9900990099009901,0.9615384615384616,0.975609756097561,104,Easy
Web Attack - Brute Force,0.6666666666666666,0.7586206896551724,0.7096774193548387,29,Medium
Web Attack - Sql Injection,1.0,0.25,0.4,4,Hard
Bot,0.22556390977443608,0.7692307692307693,0.3488372093023256,39,Hard
Web Attack - XSS,0.4,0.15384615384615385,0.2222222222222222,13,Hard
