Feature,Importance
Destination Port,0.060322467924817096
Init_Win_bytes_backward,0.05329458179048999
Bwd Packets/s,0.028262677590070888
Fwd Packet Length Max,0.028053861498117557
Subflow Bwd Bytes,0.02578775073009137
Total Length of Bwd Packets,0.02577673368002796
Bwd Packet Length Mean,0.025447745004263993
Packet Length Mean,0.025016189804610848
Bwd Packet Length Max,0.024942946658385035
min_seg_size_forward,0.024718135895351503
Bwd Header Length,0.02376212759069247
Flow Packets/s,0.022576745745616033
Subflow Fwd Bytes,0.021746156041300892
Max Packet Length,0.021335205141240637
Flow Duration,0.02110148752299819
Average Packet Size,0.02078973843266404
Flow IAT Std,0.020248843472748756
Packet Length Std,0.01968415228633776
Init_Win_bytes_forward,0.019670096041551524
Fwd IAT Mean,0.019510935236169855
Flow IAT Mean,0.01945208254992054
Avg Bwd Segment Size,0.018946874377137338
Total Length of Fwd Packets,0.018898382615354425
Fwd IAT Total,0.017958129587789272
Bwd Packet Length Min,0.017838109517283866
Avg Fwd Segment Size,0.017790175749164115
Flow IAT Max,0.017736329349410825
Fwd Packets/s,0.01723023354537255
Subflow Bwd Packets,0.017129284336313323
Fwd IAT Std,0.016711494596092405
Total Backward Packets,0.01635497195795973
Fwd Packet Length Mean,0.01622293863086671
Fwd Header Length,0.016092774129995557
Fwd IAT Max,0.01573409891397673
Flow Bytes/s,0.015203412167133478
Fwd Packet Length Std,0.014765782064650441
Total Fwd Packets,0.014695283213439086
Packet Length Variance,0.013857787083233064
Subflow Fwd Packets,0.013846317481474035
act_data_pkt_fwd,0.013677127848782951
Flow IAT Min,0.013132065466630762
Fwd IAT Min,0.012713861673637255
Bwd Packet Length Std,0.011914856002426453
Active Min,0.009976097296184533
Bwd IAT Total,0.009919853949142955
Idle Min,0.008394647133453526
PSH Flag Count,0.006921129364705677
Bwd IAT Min,0.006579233878891223
Min Packet Length,0.005566923813620318
Idle Max,0.0055305519173913685
Bwd IAT Max,0.005217943670643667
Active Mean,0.004831529421998605
Bwd IAT Std,0.004651677679032302
Bwd IAT Mean,0.004570989949527088
Idle Mean,0.003961922483891434
ACK Flag Count,0.0037345232087517295
URG Flag Count,0.0033347900456368886
Has_Init_Win_bwd,0.003130204588148365
SYN Flag Count,0.0027946416289615895
Fwd Packet Length Min,0.0027224342581901673
Active Max,0.002502608192724509
Fwd PSH Flags,0.002266307104003052
Down/Up Ratio,0.0015072864258593374
Has_Init_Win_fwd,0.0008886041384268548
FIN Flag Count,0.0007468144295819875
Idle Std,0.00016591462885282143
Active Std,0.00013234118677333238
Fwd URG Flags,6.427636643446409e-8
CWE Flag Count,1.4383648974161421e-8
ECE Flag Count,1.1385091261885772e-17
RST Flag Count,7.23407592699412e-18
